sequence_id,cluster,predicted_species,confidence
XR_006759914.1,2,Unknown,0.49365347623825073
XR_006760234.1,5,Unknown,0.5025639533996582
XR_006759579.1,0,Salmo_salar,0.8936644792556763
XR_006759069.1,3,Salmo_salar,0.9256904721260071
XR_006757478.1,4,Salmo_salar,0.8862646222114563
XR_006756869.1,1,Salmo_salar,0.7641707062721252
