predicted_species,n_reads,percentage
Unknown,22,81.48148148148148
Salmo_salar,3,11.11111111111111
Mytilus_edulis,2,7.407407407407407
