sequence_id,cluster,predicted_species,confidence
XR_009517937.1,1,Unknown,0.4380946457386017
XR_009518183.1,0,Unknown,0.28193607926368713
XR_009518176.1,0,Unknown,0.28193607926368713
