sequence_id,cluster,predicted_species,confidence
XR_006759914.1,2,Salmo_salar,0.9985529780387878
XR_006760234.1,5,Salmo_salar,0.9988698363304138
XR_006759579.1,0,Salmo_salar,0.999915361404419
XR_006759069.1,3,Salmo_salar,0.999125063419342
XR_006757478.1,4,Salmo_salar,0.9995726943016052
XR_006756869.1,1,Salmo_salar,0.9996684789657593
