cluster,medoid_index,medoid_id,predicted_species,confidence
0,3,NR_116192.1,Unknown,0.9999998807907104
2,1,NR_118383.1,Unknown,0.9854713678359985
3,0,NR_118972.1,Unknown,0.999943733215332
4,2,NR_112116.2,Unknown,0.9999926090240479
5,8,NR_027552.1,Unknown,0.999935507774353
6,5,NR_116017.1,Unknown,0.9999467134475708
7,7,NR_112629.1,Unknown,0.9999277591705322
8,6,NR_113265.1,Unknown,0.9999147653579712
