predicted_species,n_reads,percentage
Salmo_salar,24,88.88888888888889
Mytilus_edulis,2,7.407407407407407
Unknown,1,3.7037037037037037
