cluster,medoid_index,medoid_id,predicted_species,confidence
0,2,XR_006759579.1,Salmo_salar,0.9999443292617798
1,5,XR_006756869.1,Salmo_salar,0.9998106360435486
2,0,XR_006759914.1,Salmo_salar,0.9990476965904236
3,3,XR_006759069.1,Salmo_salar,0.999386191368103
4,4,XR_006757478.1,Salmo_salar,0.9997201561927795
5,1,XR_006760234.1,Salmo_salar,0.9992495179176331
